,base_form,past_form,past_participle,s_es_ies,ing_form
0,abash,abashed,abashed,abashes,abashing
1,abate,abated,abated,abates,abating
2,abide,abode,abode,abides,abiding
3,absorb,absorbed,absorbed,absorbs,absorbing
4,accept,accepted,accepted,accepts,accepting
5,accompany,accompanied,accompanied,accompanies,accompanying
6,ache,ached,ached,aches,aching
7,achieve,achieved,achieved,achieves,achieving
8,acquire,acquired,acquired,acquires,acquiring
9,act,acted,acted,acts,acting
10,add,added,added,adds,adding
11,address,addressed,addressed,addresses,addressing
12,adjust,adjusted,adjusted,adjusts,adjusting
13,admire,admired,admired,admires,admiring
14,admit,admitted,admitted,admits,admitting
15,advise,advised,advised,advises,advising
16,afford,afforded,afforded,affords,affording
17,agree,agreed,agreed,agrees,agreeing
18,alight,alit,alit,alights,alighting
19,allow,allowed,allowed,allows,allowing
20,animate,animated,animated,animates,animating
21,announce,announced,announced,announces,announcing
22,answer,answered,answered,answers,answering
23,apologize,apologized,apologized,apologizes,apologizing
24,appear,appeared,appeared,appears,appearing
25,applaud,applauded,applauded,applauds,applauding
26,apply,applied,applied,applies,applying
27,approach,approached,approached,approaches,approaching
28,approve,approved,approved,approves,approving
29,argue,argued,argued,argues,arguing
30,arise,arose,arisen,arises,arising
31,arrange,arranged,arranged,arranges,arranging
32,arrest,arrested,arrested,arrests,arresting
33,ask,asked,asked,asks,asking
34,assert,asserted,asserted,asserts,asserting
35,assort,assorted,assorted,assorts,assorting
36,astonish,astonished,astonished,astonishes,astonishing
37,attack,attacked,attacked,attacks,attacking
38,attend,attended,attended,attends,attending
39,attract,attracted,attracted,attracts,attracting
40,audit,audited,audited,audits,auditing
41,avoid,avoided,avoided,avoids,avoiding
42,awake,awoke,awoken,awakes,awaking
43,bang,banged,banged,bangs,banging
44,banish,banished,banished,banishes,banishing
45,bash,bashed,bashed,bashes,bashing
46,bat,batted,batted,bats,batting
47,"be    (am,are)",was / were,been,is,being
48,bear,bore,born,bears,bearing
49,bear,bore,borne,bears,bearing
50,beat,beat,beaten,beats,beating
51,beautify,beautified,beautified,beautifies,beautifying
52,become,became,become,becomes,becoming
53,befall,befell,befallen,befalls,befalling
54,beg,begged,begged,begs,begging
55,begin,began,begun,begins,beginning
56,behave,behaved,behaved,behaves,behaving
57,behold,beheld,beheld,beholds,beholding
58,believe,believed,believed,believes,believing
59,belong,belonged,belonged,belongs,belonging
60,bend,bent,bent,bends,bending
61,bereave,bereft,bereft,bereaves,bereaving
62,beseech,besought,besought,beseeches,beseeching
63,bet,bet,bet,bets,betting
64,betray,betrayed,betrayed,betrays,betraying
65,bid,bade,bidden,bids,bidding
66,bid,bid,bid,bids,bidding
67,bind,bound,bound,binds,binding
68,bite,bit,bitten,bites,biting
69,bleed,bled,bled,bleeds,bleeding
70,bless,blessed,blessed,blesses,blessing
71,blossom,blossomed,blossomed,blossoms,blossoming
72,blow,blew,blown,blows,blowing
73,blur,blurred,blurred,blurs,blurring
74,blush,blushed,blushed,blushes,blushing
75,board,boarded,boarded,boards,boarding
76,boast,boasted,boasted,boasts,boasting
77,boil,boiled,boiled,boils,boiling
78,bow,bowed,bowed,bows,bowing
79,box,boxed,boxed,boxes,boxing
80,bray,brayed,brayed,brays,braying
81,break,broke,broken,breaks,breaking
82,breathe,breathed,breathed,breathes,breathing
83,breed,bred,bred,breeds,breeding
84,bring,brought,brought,brings,bringing
85,broadcast,broadcast,broadcast,broadcasts,broadcasting
86,brush,brushed,brushed,brushes,brushing
87,build,built,built,builds,building
88,burn,burnt,burnt,burns,burning
89,burst,burst,burst,bursts,bursting
90,bury,buried,buried,buries,burying
91,bust,bust,bust,busts,busting
92,buy,bought,bought,buys,buying
93,buzz,buzzed,buzzed,buzzes,buzzing
94,calculate,calculated,calculated,calculates,calculating
95,call,called,called,calls,calling
96,canvass,canvassed,canvassed,canvasses,canvassing
97,capture,captured,captured,captures,capturing
98,caress,caressed,caressed,caresses,caressing
99,carry,carried,carried,carries,carrying
100,carve,carved,carved,carves,carving
101,cash,cashed,cashed,cashes,cashing
102,cast,cast,cast,casts,casting
103,catch,caught,caught,catches,catching
104,cause,caused,caused,causes,causing
105,cease,ceased,ceased,ceases,ceasing
106,celebrate,celebrated,celebrated,celebrates,celebrating
107,challenge,challenged,challenged,challenges,challenging
108,change,changed,changed,changes,changing
109,charge,charged,charged,charges,charging
110,chase,chased,chased,chases,chasing
111,chat,chatted,chatted,chats,chatting
112,check,checked,checked,checks,checking
113,cheer,cheered,cheered,cheers,cheering
114,chew,chewed,chewed,chews,chewing
115,chide,chid,chid/chidden,chides,chiding
116,chip,chipped,chipped,chips,chipping
117,choke,choked,choked,chokes,choking
118,choose,chose,chosen,chooses,choosing
119,classify,classified,classified,classifies,classifying
120,clean,cleaned,cleaned,cleans,cleaning
121,cleave,clove/cleft,cloven/cleft,cleaves,cleaving
122,click,clicked,clicked,clicks,clicking
123,climb,climbed,climbed,climbs,climbing
124,cling,clung,clung,clings,clinging
125,close,closed,closed,closes,closing
126,clothe,clad,clad,clothes,clothing
127,clutch,clutched,clutched,clutches,clutching
128,collapse,collapsed,collapsed,collapses,collapsing
129,collect,collected,collected,collects,collecting
130,colour,coloured,coloured,colours,colouring
131,come,came,come,comes,coming
132,comment,commented,commented,comments,commenting
133,compare,compared,compared,compares,comparing
134,compel,compelled,compelled,compels,compelling
135,compete,competed,competed,competes,competing
136,complain,complained,complained,complains,complaining
137,complete,completed,completed,completes,completing
138,conclude,concluded,concluded,concludes,concluding
139,conduct,conducted,conducted,conducts,conducting
140,confess,confessed,confessed,confesses,confessing
141,confine,confined,confined,confines,confining
142,confiscate,confiscated,confiscated,confiscates,confiscating
143,confuse,confused,confused,confuses,confusing
144,congratulate,congratulated,congratulated,congratulates,congratulating
145,connect,connected,connected,connects,connecting
146,connote,connoted,connoted,connotes,connoting
147,conquer,conquered,conquered,conquers,conquering
148,consecrate,consecrated,consecrated,consecrates,consecrating
149,consent,consented,consented,consents,consenting
150,conserve,conserved,conserved,conserves,conserving
151,consider,considered,considered,considers,considering
152,consign,consigned,consigned,consigns,consigning
153,consist,consisted,consisted,consists,consisting
154,console,consoled,consoled,consoles,consoling
155,consort,consorted,consorted,consorts,consorting
156,conspire,conspired,conspired,conspires,conspiring
157,constitute,constituted,constituted,constitutes,constituting
158,constrain,constrained,constrained,constrains,constraining
159,construct,constructed,constructed,constructs,constructing
160,construe,construed,construed,construes,construing
161,consult,consulted,consulted,consults,consulting
162,contain,contained,contained,contains,containing
163,contemn,contemned,contemned,contemns,contemning
164,contend,contended,contended,contends,contending
165,contest,contested,contested,contests,contesting
166,continue,continued,continued,continues,continuing
167,contract,contracted,contracted,contracts,contracting
168,contradict,contradicted,contradicted,contradicts,contradicting
169,contrast,contrasted,contrasted,contrasts,contrasting
170,contribute,contributed,contributed,contributes,contributing
171,contrive,contrived,contrived,contrives,contriving
172,control,controlled,controlled,controls,controlling
173,convene,convened,convened,convenes,convening
174,converge,converged,converged,converges,converging
175,converse,conversed,conversed,converses,conversing
176,convert,converted,converted,converts,converting
177,convey,conveyed,conveyed,conveys,conveying
178,convict,convicted,convicted,convicts,convicting
179,convince,convinced,convinced,convinces,convincing
180,coo,cooed,cooed,coos,cooing
181,cook,cooked,cooked,cooks,cooking
182,cool,cooled,cooled,cools,cooling
183,co-operate,co-operated,co-operated,co-operates,co-operating
184,cope,coped,cope,copes,coping
185,copy,copied,copied,copies,copying
186,correct,corrected,corrected,corrects,correcting
187,correspond,corresponded,corresponded,corresponds,corresponding
188,corrode,corroded,corroded,corrodes,corroding
189,corrupt,corrupted,corrupted,corrupts,corrupting
190,cost,cost,cost,costs,costing
191,cough,coughed,coughed,coughs,coughing
192,counsel,counselled,counselled,counsels,counselling
193,count,counted,counted,counts,counting
194,course,coursed,coursed,courses,coursing
195,cover,covered,covered,covers,covering
196,cower,cowered,cowered,cowers,cowering
197,crack,cracked,cracked,cracks,cracking
198,crackle,crackled,crackled,crackles,crackling
199,crash,crashed,crashed,crashes,crashing
200,crave,craved,craved,craves,craving
201,create,created,created,creates,creating
202,creep,crept,crept,creeps,creeping
203,crib,cribbed,cribbed,cribs,cribbing
204,cross,crossed,crossed,crosses,crossing
205,crowd,crowded,crowded,crowds,crowding
206,crush,crushed,crushed,crushes,crushing
207,cry,cried,cried,cries,crying
208,curb,curbed,curbed,curbs,curbing
209,cure,cured,cured,cures,curing
210,curve,curved,curved,curves,curving
211,cut,cut,cut,cuts,cutting
212,cycle,cycled,cycled,cycles,cycling
213,damage,damaged,damaged,damages,damaging
214,damp,damped,damped,damps,damping
215,dance,danced,danced,dances,dancing
216,dare,dared,dared,dares,daring
217,dash,dashed,dashed,dashes,dashing
218,dazzle,dazzled,dazzled,dazzles,dazzling
219,deal,dealt,dealt,deals,dealing
220,decay,decayed,decayed,decays,decaying
221,decide,decided,decided,decides,deciding
222,declare,declared,declared,declares,declaring
223,decorate,decorated,decorated,decorates,decorating
224,decrease,decreased,decreased,decreases,decreasing
225,dedicate,dedicated,dedicated,dedicates,dedicating
226,delay,delayed,delayed,delays,delaying
227,delete,deleted,deleted,deletes,deleting
228,deny,denied,denied,denies,denying
229,depend,depended,depended,depends,depending
230,deprive,deprived,deprived,deprives,depriving
231,derive,derived,derived,derives,deriving
232,describe,described,described,describes,describing
233,desire,desired,desired,desires,desiring
234,destroy,destroyed,destroyed,destroys,destroying
235,detach,detached,detached,detaches,detaching
236,detect,detected,detected,detects,detecting
237,determine,determined,determined,determines,determining
238,develop,developed,developed,develops,developing
239,die,died,died,dies,dying
240,differ,differed,differed,differs,differing
241,dig,dug,dug,digs,digging
242,digest,digested,digested,digests,digesting
243,dim,dimmed,dimmed,dims,dimming
244,diminish,diminished,diminished,diminishes,diminishing
245,dine,dined,dined,dines,dining
246,dip,dipped,dipped,dips,dipping
247,direct,directed,directed,directs,directing
248,disappear,disappeared,disappeared,disappears,disappearing
249,discover,discovered,discovered,discovers,discovering
250,discuss,discussed,discussed,discusses,discussing
251,disobey,disobeyed,disobeyed,disobeys,disobeying
252,display,displayed,displayed,displays,displaying
253,dispose,disposed,disposed,disposes,disposing
254,distribute,distributed,distributed,distributes,distributing
255,disturb,disturbed,disturbed,disturbs,disturbing
256,disuse,disused,disused,disuses,disusing
257,dive,dived ,dived,dives,diving
258,divide,divided,divided,divides,dividing
259,do,did,done,does,doing
260,donate,donated,donated,donates,donating
261,download,downloaded,downloaded,downloads,downloading
262,drag,dragged,dragged,drags,dragging
263,draw,drew,drawn,draws,drawing
264,dream,dreamt,dreamt,dreams,dreaming
265,dress,dressed,dressed,dresses,dressing
266,drill,drilled,drilled,drills,drilling
267,drink,drank,drunk,drinks,drinking
268,drive,drove,driven,drives,driving
269,drop,dropped,dropped,drops,dropping
270,dry,dried,dried,dries,drying
271,dump,dumped,dumped,dumps,dumping
272,dwell,dwelt,dwelt,dwells,dwelling
273,dye,dyed,dyed,dyes,dyeing
274,earn,earned,earned,earns,earning
275,eat,ate,eaten,eats,eating
276,educate,educated,educated,educates,educating
277,empower,empowered,empowered,empowers,empowering
278,empty,emptied,emptied,empties,emptying
279,encircle,encircled,encircled,encircles,encircling
280,encourage,encouraged,encouraged,encourages,encouraging
281,encroach,encroached,encroached,encroaches,encroaching
282,endanger,endangered,endangered,endangers,entangling
283,endorse,endorsed,endorsed,endorses,endorsing
284,endure,endured,endured,endures,enduring
285,engrave,engraved,engraved,engraves,engraving
286,enjoy,enjoyed,enjoyed,enjoys,enjoying
287,enlarge,enlarged,enlarged,enlarges,enlarging
288,enlighten,enlightened,enlightened,enlightens,enlightening
289,enter,entered,entered,enters,entering
290,envy,envied,envied,envies,envying
291,erase,erased,erased,erases,erasing
292,escape,escaped,escaped,escapes,escaping
293,evaporate,evaporated,evaporated,evaporates,evaporating
294,exchange,exchanged,exchanged,exchanges,exchanging
295,exclaim,exclaimed,exclaimed,exclaims,exclaiming
296,exclude,excluded,excluded,excludes,excluding
297,exist,existed,existed,exists,existing
298,expand,expanded,expanded,expands,expanding
299,expect,expected,expected,expects,expecting
300,explain,explained,explained,explains,explaining
301,explore,explored,explored,explores,exploring
302,express,expressed,expressed,expresses,expressing
303,extend,extended,extended,extends,extending
304,eye,eyed,eyed,eyes,eyeing
305,face,faced,faced,faces,facing
306,fail,failed,failed,fails,failing
307,faint,fainted,fainted,faints,fainting
308,fall,fell,fallen,falls,falling
309,fan,fanned,fanned,fans,fanning
310,fancy,fancied,fancied,fancies,fancying
311,favour,favoured,favoured,favours,favouring
312,fax,faxed,faxed,faxes,faxing
313,feed,fed,fed,feeds,feeding
314,feel,felt,felt,feels,feeling
315,ferry,ferried,ferried,ferries,ferrying
316,fetch,fetched,fetched,fetches,fetching
317,fight,fought,fought,fights,fighting
318,fill,filled,filled,fills,filling
319,find,found,found,finds,finding
320,finish,finished,finished,finishes,finishing
321,fish,fished,fished,fishes,fishing
322,fit,fit/fitted,fit/fitted,fits,fitting
323,fix,fixed,fixed,fixes,fixing
324,fizz,fizzed,fizzed,fizzes,fizzing
325,flap,flapped,flapped,flaps,flapping
326,flash,flashed,flashed,flashes,flashing
327,flee,fled,fled,flees,fleeing
328,fling,flung,flung,flings,flinging
329,float,floated,floated,floats,floating
330,flop,flopped,flopped,flops,flopping
331,fly,flew,flown,flies,flying
332,fold,folded,folded,folds,folding
333,follow,followed,followed,follows,following
334,forbid,forbade,forbidden,forbids,forbidding
335,force,forced,forced,forces,forcing
336,forecast,forecast,forecast,forecasts,forecasting
337,foretell,foretold,foretold,foretells,foretelling
338,forget,forgot,forgotten,forgets,forgetting
339,forgive,forgave,forgiven,forgives,forgiving
340,forlese,forlore,forlorn,forlese,forlesing
341,form,formed,formed,forms,forming
342,forsake,forsook,forsaken,forsakes,forsaking
343,found,founded,founded,founds,founding
344,frame,framed,framed,frames,framing
345,free,freed,freed,frees,freeing
346,freeze,froze,frozen,freezes,freezing
347,frighten,frightened,frightened,frightens,frightening
348,fry,fried,fried,fries,frying
349,fulfil,fulfilled,fulfilled,fulfils,fulfilling
350,gag,gagged,gagged,gags,gagging
351,gain,gained,gained,gains,gaining
352,gainsay,gainsaid,gainsaid,gainsays,gainsaying
353,gash,gashed,gashed,gashes,gashing
354,gaze,gazed,gazed,gazes,gazing
355,get,got,got,gets,getting
356,give,gave,given,gives,giving
357,glance,glanced,glanced,glances,glancing
358,glitter,glittered,glittered,glitters,glittering
359,glow,glowed,glowed,glows,glowing
360,go,went,gone,goes,going
361,google,googled,googled,googles,googling
362,govern,governed,governed,governs,governing
363,grab,grabbed,grabbed,grabs,grabbing
364,grade,graded,graded,grades,grading
365,grant,granted,granted,grants,granting
366,greet,greeted,greeted,greets,greeting
367,grind,ground,ground,grinds,grinding
368,grip,gripped,gripped,grips,gripping
369,grow,grew,grown,grows,growing
370,guard,guarded,guarded,guards,guarding
371,guess,guessed,guessed,guesses,guessing
372,guide,guided,guided,guides,guiding
373,handle,handled,handled,handles,handling
374,hang,hung,hung,hangs,hanging
375,happen,happened,happened,happens,happening
376,harm,harmed,harmed,harms,harming
377,hatch,hatched,hatched,hatches,hatching
378,hate,hated,hated,hates,hating
379,have,had,had,has,having
380,heal,healed,healed,heals,healing
381,hear,heard,heard,hears,hearing
382,heave,hove,hove,heaves,heaving
383,help,helped,helped,helps,helping
384,hew,hewed,hewn,hews,hewing
385,hide,hid,hidden,hides,hiding
386,hinder,hindered,hindered,hinders,hindering
387,hiss,hissed,hissed,hisses,hissing
388,hit,hit,hit,hits,hitting
389,hoax,hoaxed,hoaxed,hoaxes,hoaxing
390,hold,held,held,holds,holding
391,hop,hopped,hopped,hops,hopping
392,hope,hoped,hoped,hopes,hoping
393,horrify,horrified,horrified,horrifies,horrifying
394,hug,hugged,hugged,hugs,hugging
395,hum,hummed,hummed,hums,humming
396,humiliate,humiliated,humiliated,humiliates,humiliating
397,hunt,hunted,hunted,hunts,hunting
398,hurl,hurled,hurled,hurls,hurling
399,hurry,hurried,hurried,hurries,hurrying
400,hurt,hurt,hurt,hurts,hurting
401,hush,hushed,hushed,hushes,hushing
402,hustle,hustled,hustled,hustles,hustling
403,hypnotize,hypnotized,hypnotized,hypnotizes,hypnotizing
404,idealize,idealized,idealized,idealizes,idealizing
405,identify,identified,identified,identifies,identifying
406,idolize,idolized,idolized,idolizes,idolizing
407,ignite,ignited,ignited,ignites,igniting
408,ignore,ignored,ignored,ignores,ignoring
409,ill-treat,ill-treated,ill-treated,ill-treats,ill-treating
410,illuminate,illuminated,illuminated,illuminates,illuminating
411,illumine,illumined,illumined,illumines,illumining
412,illustrate,illustrated,illustrated,illustrates,illustrating
413,imagine,imagined,imagined,imagines,imagining
414,imbibe,imbibed,imbibed,imbibes,imbibing
415,imitate,imitated,imitated,imitates,imitating
416,immerse,immersed,immersed,immerses,immersing
417,immolate,immolated,immolated,immolates,immolating
418,immure,immured,immured,immures,immuring
419,impair,impaired,impaired,impairs,impairing
420,impart,imparted,imparted,imparts,imparting
421,impeach,impeached,impeached,impeaches,impeaching
422,impede,impeded,impeded,impedes,impeding
423,impel,impelled,impelled,impels,impelling
424,impend,impended,impended,impends,impending
425,imperil,imperilled,imperilled,imperils,imperilling
426,impinge,impinged,impinged,impinges,impinging
427,implant,implanted,implanted,implants,implanting
428,implicate,implicated,implicated,implicates,implicating
429,implode,imploded,imploded,implodes,imploding
430,implore,implored,implored,implores,imploring
431,imply,implied,implied,implies,implying
432,import,imported,imported,imports,importing
433,impose,imposed,imposed,imposes,imposing
434,impress,impressed,impressed,impresses,impressing
435,imprint,imprinted,imprinted,imprints,imprinting
436,imprison,imprisoned,imprisoned,imprisons,imprisoning
437,improve,improved,improved,improves,improving
438,inaugurate,inaugurated,inaugurated,inaugurates,inaugurating
439,incise,incised,incised,incises,incising
440,include,included,included,includes,including
441,increase,increased,increased,increases,increasing
442,inculcate,inculcated,inculcated,inculcates,inculcating
443,indent,indented,indented,indents,indenting
444,indicate,indicated,indicated,indicates,indicating
445,induce,induced,induced,induces,inducing
446,indulge,indulged,indulged,indulges,indulging
447,infect,infected,infected,infects,infecting
448,infest,infested,infested,infests,infesting
449,inflame,inflamed,inflamed,inflames,inflaming
450,inflate,inflated,inflated,inflates,inflating
451,inflect,inflected,inflected,inflects,inflecting
452,inform,informed,informed,informs,informing
453,infringe,infringed,infringed,infringes,infringing
454,infuse,infused,infused,infuses,infusing
455,ingest,ingested,ingested,ingests,ingesting
456,inhabit,inhabited,inhabited,inhabits,inhabiting
457,inhale,inhaled,inhaled,inhales,inhaling
458,inherit,inherited,inherited,inherits,inheriting
459,initiate,initiated,initiated,initiates,initiating
460,inject,injected,injected,injects,injecting
461,injure,injured,injured,injures,injuring
462,inlay,inlaid,inlaid,inlays,inlaying
463,innovate,innovated,innovated,innovates,innovating
464,input,input,input,inputs,inputting
465,inquire,inquired,inquired,inquires,inquiring
466,inscribe,inscribed,inscribed,inscribes,inscribing
467,insert,inserted,inserted,inserts,inserting
468,inspect,inspected,inspected,inspects,inspecting
469,inspire,inspired,inspired,inspires,inspiring
470,install,installed,installed,installs,installing
471,insult,insulted,insulted,insults,insulting
472,insure,insured,insured,insures,insuring
473,integrate,integrated,integrated,integrates,integrating
474,introduce,introduced,introduced,introduces,introducing
475,invent,invented,invented,invents,inventing
476,invite,invited,invited,invites,inviting
477,join,joined,joined,joins,joining
478,jump,jumped,jumped,jumps,jumping
479,justify,justified,justified,justifies,justifying
480,keep,kept,kept,keeps,keeping
481,kick,kicked,kicked,kicks,kicking
482,kid,kidded,kidded,kids,kidding
483,kill,killed,killed,kills,killing
484,kiss,kissed,kissed,kisses,kissing
485,kneel,knelt,knelt,kneels,kneeling
486,knit,knit,knit,knits,knitting
487,knock,knocked,knocked,knocks,knocking
488,know,knew,known,knows,knowing
489,lade,laded,laden,lades,lading
490,land,landed,landed,lands,landing
491,last,lasted,lasted,lasts,lasting
492,latch,latched,latched,latches,latching
493,laugh,laughed,laughed,laughs,laughing
494,lay,laid,laid,lays,laying
495,lead,led,led,leads,leading
496,leak,leaked,leaked,leaks,leaking
497,lean,leant,leant,leans,leaning
498,leap,leapt,leapt,leaps,leaping
499,learn,learnt,learnt,learns,learning
500,leave,left,left,leaves,leaving
501,leer,leered,leered,leers,leering
502,lend,lent,lent,lends,lending
503,let,let,let,lets,letting
504,lick,licked,licked,licks,licking
505,lie,lay,lain,lies,lying
506,lie,lied,lied,lies,lying
507,lift,lifted,lifted,lifts,lifting
508,light,lit,lit,lights,lighting
509,like,liked,liked,likes,liking
510,limp,limped,limped,limps,limping
511,listen,listened,listened,listens,listening
512,live,lived,lived,lives,living
513,look,looked,looked,looks,looking
514,lose,lost,lost,loses,losing
515,love,loved,loved,loves,loving
516,magnify,magnified,magnified,magnifies,magnifying
517,maintain,maintained,maintained,maintains,maintaining
518,make,made,made,makes,making
519,manage,managed,managed,manages,managing
520,march,marched,marched,marches,marching
521,mark,marked,marked,marks,marking
522,marry,married,married,marries,marrying
523,mash,mashed,mashed,mashes,mashing
524,match,matched,matched,matches,matching
525,matter,mattered,mattered,matters,mattering
526,mean,meant,meant,means,meaning
527,measure,measured,measured,measures,measuring
528,meet,met,met,meets,meeting
529,melt,melted,melted,melts,melting
530,merge,merged,merged,merges,merging
531,mew,mewed,mewed,mews,mewing
532,migrate,migrated,migrated,migrates,migrating
533,milk,milked,milked,milks,milking
534,mind,minded,minded,minds,minding
535,mislead,misled,misled,misleads,misleading
536,miss,missed,missed,misses,missing
537,mistake,mistook,mistaken,mistakes,mistaking
538,misuse,misused,misused,misuses,misusing
539,mix,mixed,mixed,mixes,mixing
540,moan,moaned,moaned,moans,moaning
541,modify,modified,modified,modifies,modifying
542,moo,mooed,mooed,moos,mooing
543,motivate,motivated,motivated,motivates,motivating
544,mould,moulded,moulded,moulds,moulding
545,moult,moulted,moulted,moults,moulting
546,move,moved,moved,moves,moving
547,mow,mowed,mown,mows,mowing
548,multiply,multiplied,multiplied,multiplies,multiplying
549,murmur,murmured,murmured,murmurs,murmuring
550,nail,nailed,nailed,nails,nailing
551,nap,napped,napped,naps,napping
552,need,needed,needed,needs,needing
553,neglect,neglected,neglected,neglects,neglecting
554,nip,nipped,nipped,nips,nipping
555,nod,nodded,nodded,nods,nodding
556,note,noted,noted,notes,noting
557,notice,noticed,noticed,notices,noticing
558,notify,notified,notified,notifies,notifying
559,nourish,nourished,nourished,nourishes,nourishing
560,nurse,nursed,nursed,nurses,nursing
561,obey,obeyed,obeyed,obeys,obeying
562,oblige,obliged,obliged,obliges,obliging
563,observe,observed,observed,observes,observing
564,obstruct,obstructed,obstructed,obstructs,obstructing
565,obtain,obtained,obtained,obtains,obtaining
566,occupy,occupied,occupied,occupies,occupying
567,occur,occurred,occurred,occurs,occurring
568,offer,offered,offered,offers,offering
569,offset,offset,offset,offsets,offsetting
570,omit,omitted,omitted,omits,omitting
571,ooze,oozed,oozed,oozes,oozing
572,open,opened,opened,opens,opening
573,operate,operated,operated,operates,operating
574,opine,opined,opined,opines,opining
575,oppress,oppressed,oppressed,oppresses,oppressing
576,opt,opted,opted,opts,opting
577,optimize,optimized,optimized,optimizes,optimizing
578,order,ordered,ordered,orders,ordering
579,organize,organized,organized,organizes,organizing
580,originate,originated,originated,originates,originating
581,output,output,output,outputs,outputting
582,overflow,overflowed,overflowed,overflows,overflowing
583,overtake,overtook,overtaken,overtakes,overtaking
584,owe,owed,owed,owes,owing
585,own,owned,owned,owns,owning
586,pacify,pacified,pacified,pacifies,pacifying
587,paint,painted,painted,paints,painting
588,pardon,pardoned,pardoned,pardons,pardoning
589,part,parted,parted,parts,parting
590,partake,partook,partaken,partakes,partaking
591,participate,participated,participated,participates,participating
592,pass,passed,passed,passes,passing
593,paste,pasted,pasted,pastes,pasting
594,pat,patted,patted,pats,patting
595,patch,patched,patched,patches,patching
596,pause,paused,paused,pauses,pausing
597,pay,paid,paid,pays,paying
598,peep,peeped,peeped,peeps,peeping
599,perish,perished,perished,perishes,perishing
600,permit,permitted,permitted,permits,permitting
601,persuade,persuaded,persuaded,persuades,persuading
602,phone,phoned,phoned,phones,phoning
603,place,placed,placed,places,placing
604,plan,planned,planned,plans,planning
605,play,played,played,plays,playing
606,plead,pled,pled,pleads,pleading
607,please,pleased,pleased,pleases,pleasing
608,plod,plodded,plodded,plods,plodding
609,plot,plotted,plotted,plots,plotting
610,pluck,plucked,plucked,plucks,plucking
611,ply,plied,plied,plies,plying
612,point,pointed,pointed,points,pointing
613,polish,polished,polished,polishes,polishing
614,pollute,polluted,polluted,pollutes,polluting
615,ponder,pondered,pondered,ponders,pondering
616,pour,poured,poured,pours,pouring
617,pout,pouted,pouted,pouts,pouting
618,practise,practised,practised,practises,practising
619,praise,praised,praised,praises,praising
620,pray,prayed,prayed,prays,praying
621,preach,preached,preached,preaches,preaching
622,prefer,preferred,preferred,prefers,preferring
623,prepare,prepared,prepared,prepares,preparing
624,prescribe,prescribed,prescribed,prescribes,prescribing
625,present,presented,presented,presents,presenting
626,preserve,preserved,preserved,preserves,preserving
627,preset,preset,preset,presets,presetting
628,preside,presided,presided,presides,presiding
629,press,pressed,pressed,presses,pressing
630,pretend,pretended,pretended,pretends,pretending
631,prevent,prevented,prevented,prevents,preventing
632,print,printed,printed,prints,printing
633,proceed,proceeded,proceeded,proceeds,proceeding
634,produce,produced,produced,produces,producing
635,progress,progressed,progressed,progresses,progressing
636,prohibit,prohibited,prohibited,prohibits,prohibiting
637,promise,promised,promised,promises,promising
638,propose,proposed,proposed,proposes,proposing
639,prosecute,prosecuted,prosecuted,prosecutes,prosecuting
640,protect,protected,protected,protects,protecting
641,prove,proved,proved,proves,proving
642,provide,provided,provided,provides,providing
643,pull,pulled,pulled,pulls,pulling
644,punish,punished,punished,punishes,punishing
645,purify,purified,purified,purifies,purifying
646,push,pushed,pushed,pushes,pushing
647,put,put,put,puts,putting
648,qualify,qualified,qualified,qualifies,qualifying
649,quarrel,quarrelled,quarrelled,quarrels,quarrelling
650,question,questioned,questioned,questions,questioning
651,quit,quit,quit,quits,quitting
652,race,raced,raced,races,racing
653,rain,rained,rained,rains,raining
654,rattle,rattled,rattled,rattles,rattling
655,reach,reached,reached,reaches,reaching
656,read,read,read,reads,reading
657,realize,realized,realized,realizes,realizing
658,rebuild,rebuilt,rebuilt,rebuilds,rebuilding
659,recall,recalled,recalled,recalls,recalling
660,recast,recast,recast,recasts,recasting
661,receive,received,received,receives,receiving
662,recite,recited,recited,recites,reciting
663,recognize,recognized,recognized,recognizes,recognizing
664,recollect,recollected,recollected,recollects,recollecting
665,recur,recurred,recurred,recurs,recurring
666,redo,redid,redone,redoes,redoing
667,reduce,reduced,reduced,reduces,reducing
668,refer,referred,referred,refers,referring
669,reflect,reflected,reflected,reflects,reflecting
670,refuse,refused,refused,refuses,refusing
671,regard,regarded,regarded,regards,regarding
672,regret,regretted,regretted,regrets,regretting
673,relate,related,related,relates,relating
674,relax,relaxed,relaxed,relaxes,relaxing
675,rely,relied,relied,relies,relying
676,remain,remained,remained,remains,remaining
677,remake,remade,remade,remakes,remaking
678,remove,removed,removed,removes,removing
679,rend,rent,rent,rends,rending
680,renew,renewed,renewed,renews,renewing
681,renounce,renounced,renounced,renounces,renouncing
682,repair,repaired,repaired,repairs,repairing
683,repeat,repeated,repeated,repeats,repeating
684,replace,replaced,replaced,replaces,replacing
685,reply,replied,replied,replies,replying
686,report,reported,reported,reports,reporting
687,request,requested,requested,requests,requesting
688,resell,resold,resold,resells,reselling
689,resemble,resembled,resembled,resembles,resembling
690,reset,reset,reset,resets,resetting
691,resist,resisted,resisted,resists,resisting
692,resolve,resolved,resolved,resolves,resolving
693,respect,respected,respected,respects,respecting
694,rest,rested,rested,rests,resting
695,restrain,restrained,restrained,restrains,restraining
696,retain,retained,retained,retains,retaining
697,retch,retched,retched,retches,retching
698,retire,retired,retired,retires,retiring
699,return,returned,returned,returns,returning
700,reuse,reused,reused,reuses,reusing
701,review,reviewed,reviewed,reviews,reviewing
702,rewind,rewound,rewound,rewinds,rewinding
703,rid,rid,rid,rids,ridding
704,ride,rode,ridden,rides,riding
705,ring,rang,rung,rings,ringing
706,rise,rose,risen,rises,rising
707,roar,roared,roared,roars,roaring
708,rob,robbed,robbed,robs,robbing
709,roll,rolled,rolled,rolls,rolling
710,rot,rotted,rotted,rots,rotting
711,rub,rubbed,rubbed,rubs,rubbing
712,rule,ruled,ruled,rules,ruling
713,run,ran,run,runs,running
714,rush,rushed,rushed,rushes,rushing
715,sabotage,sabotaged,sabotaged,sabotages,sabotaging
716,sack,sacked,sacked,sacks,sacking
717,sacrifice,sacrificed,sacrificed,sacrifices,sacrificing
718,sadden,saddened,saddened,saddens,saddening
719,saddle,saddled,saddled,saddles,saddling
720,sag,sagged,sagged,sags,sagging
721,sail,sailed,sailed,sails,sailing
722,sally,sallied,sallied,sallies,sallying
723,salute,saluted,saluted,salutes,saluting
724,salvage,salvaged,salvaged,salvages,salvaging
725,salve,salved,salved,salves,salving
726,sample,sampled,sampled,samples,sampling
727,sanctify,sanctified,sanctified,sanctifies,sanctifying
728,sanction,sanctioned,sanctioned,sanctions,sanctioning
729,sap,sapped,sapped,saps,sapping
730,saponify,saponified,saponified,saponifies,saponifying
731,sash,sashed,sashed,sashes,sashing
732,sashay,sashayed,sashayed,sashays,sashaying
733,sass,sassed,sassed,sasses,sassing
734,sate,sated,sated,sates,sating
735,satiate,satiated,satiated,satiates,satiating
736,satirise,satirised,satirised,satirises,satirising
737,satisfy,satisfied,satisfied,satisfies,satisfying
738,saturate,saturated,saturated,saturates,saturating
739,saunter,sauntered,sauntered,saunters,sauntering
740,save,saved,saved,saves,saving
741,savor,savored,savored,savors,savoring
742,savvy,savvied,savvied,savvies,savvying
743,saw,sawed,sawn,saws,sawing
744,say,said,said,says,saying
745,scab,scabbed,scabbed,scabs,scabbing
746,scabble,scabbled,scabbled,scabbles,scabbling
747,scald,scalded,scalded,scalds,scalding
748,scale,scaled,scaled,scales,scaling
749,scam,scammed,scammed,scams,scamming
750,scan,scanned,scanned,scans,scanning
751,scant,scanted,scanted,scants,scanting
752,scar,scarred,scarred,scars,scarring
753,scare,scared,scared,scares,scaring
754,scarify,scarified,scarified,scarifies,scarifying
755,scarp,scarped,scarped,scarps,scarping
756,scat,scatted,scatted,scats,scatting
757,scatter,scattered,scattered,scatters,scattering
758,scold,scolded,scolded,scolds,scolding
759,scorch,scorched,scorched,scorches,scorching
760,scowl,scowled,scowled,scowls,scowling
761,scrawl,scrawled,scrawled,scrawls,scrawling
762,scream,screamed,screamed,screams,screaming
763,screw,screwed,screwed,screws,screwing
764,scrub,scrubbed,scrubbed,scrubs,scrubbing
765,search,searched,searched,searches,searching
766,seat,seated,seated,seats,seating
767,secure,secured,secured,secures,securing
768,see,saw,seen,sees,seeing
769,seek,sought,sought,seeks,seeking
770,seem,seemed,seemed,seems,seeming
771,seize,seized,seized,seizes,seizing
772,select,selected,selected,selects,selecting
773,sell,sold,sold,sells,selling
774,send,sent,sent,sends,sending
775,sentence,sentenced,sentenced,sentences,sentencing
776,separate,separated,separated,separates,separating
777,set,set,set,sets,setting
778,sever,severed,severed,severs,severing
779,sew,sewed,sewn,sews,sewing
780,shake,shook,shaken,shakes,shaking
781,shape,shaped,shaped,shapes,shaping
782,share,shared,shared,shares,sharing
783,shatter,shattered,shattered,shatters,shattering
784,shave,shove,shaven,shaves,shaving
785,shear,shore,shorn,shears,shearing
786,shed,shed,shed,sheds,shedding
787,shine,shone,shone,shines,shining
788,shirk,shirked,shirked,shirks,shirking
789,shit,shit,shit,shits,shitting
790,shiver,shivered,shivered,shivers,shivering
791,shock,shocked,shocked,shocks,shocking
792,shoe,shod,shod,shoes,shoeing
793,shoot,shot,shot,shoots,shooting
794,shorten,shortened,shortened,shortens,shortening
795,shout,shouted,shouted,shouts,shouting
796,show,showed,shown,shows,showing
797,shrink,shrank,shrunk,shrinks,shrinking
798,shun,shunned,shunned,shuns,shunning
799,shut,shut,shut,shuts,shutting
800,sight,sighted,sighted,sights,sighting
801,signal,signalled,signalled,signals,signalling
802,signify,signified,signified,signifies,signifying
803,sing,sang,sung,sings,singing
804,sink,sank,sunk,sinks,sinking
805,sip,sipped,sipped,sips,sipping
806,sit,sat,sat,sits,sitting
807,ski,skied,skied,skis,skiing
808,skid,skidded,skidded,skids,skidding
809,slam,slammed,slammed,slams,slamming
810,slay,slew,slain,slays,slaying
811,sleep,slept,slept,sleeps,sleeping
812,slide,slid,slid/slide,slides,sliding
813,slim,slimmed,slimmed,slims,slimming
814,sling,slung,slung,slings,slinging
815,slink,slunk,slunk,slinks,slinking
816,slip,slipped,slipped,slips,slipping
817,slit,slit,slit,slits,slitting
818,smash,smashed,smashed,smashes,smashing
819,smell,smelt,smelt,smells,smelling
820,smile,smiled,smiled,smiles,smiling
821,smite,smote,smitten,smites,smiting
822,smooth,smoothed,smoothed,smoothes,smoothing
823,smother,smothered,smothered,smothers,smothering
824,snap,snapped,snapped,snaps,snapping
825,snatch,snatched,snatched,snatches,snatching
826,sneak,sneaked,sneaked,sneaks,sneaking
827,sneeze,sneezed,sneezed,sneezes,sneezing
828,sniff,sniffed,sniffed,sniffs,sniffing
829,soar,soared,soared,soars,soaring
830,sob,sobbed,sobbed,sobs,sobbing
831,solicit,solicited,solicited,solicits,soliciting
832,solve,solved,solved,solves,solving
833,soothe,soothed,soothed,soothes,soothing
834,sort,sorted,sorted,sorts,sorting
835,sow,sowed,sowed,sows,sowing
836,sparkle,sparkled,sparkled,sparkles,sparkling
837,speak,spoke,spoken,speaks,speaking
838,speed,sped,sped,speeds,speeding
839,spell,spelt,spelt,spells,spelling
840,spend,spent,spent,spends,spending
841,spill,spilt,spilt,spills,spilling
842,spin,span/spun,spun,spins,spinning
843,spit,spat/spit,spat/spit,spits,spitting
844,split,split,split,splits,splitting
845,spoil,spoilt,spoilt,spoils,spoiling
846,spray,sprayed,sprayed,sprays,spraying
847,spread,spread,spread,spreads,spreading
848,spring,sprang,sprung,springs,springing
849,sprout,sprouted,sprouted,sprouts,sprouting
850,squeeze,squeezed,squeezed,squeezes,squeezing
851,stand,stood,stood,stands,standing
852,stare,stared,stared,stares,staring
853,start,started,started,starts,starting
854,state,stated,stated,states,stating
855, , , , , 
856,stay,stayed,stayed,stays,staying
857,steal,stole,stolen,steals,stealing
858,steep,steeped,steeped,steeps,steeping
859,stem,stemmed,stemmed,stems,stemming
860,step,stepped,stepped,steps,stepping
861,sterilize,sterilized,sterilized,sterilizes,sterilizing
862,stick,stuck,stuck,sticks,sticking
863,stimulate,stimulated,stimulated,stimulates,stimulating
864,sting,stung,stung,stings,stinging
865,stink,stank,stunk,stinks,stinking
866,stir,stirred,stirred,stirs,stirring
867,stitch,stitched,stitched,stitches,stitching
868,stoop,stooped,stooped,stoops,stooping
869,stop,stopped,stopped,stops,stopping
870,store,stored,stored,stores,storing
871,strain,strained,strained,strains,straining
872,stray,strayed,strayed,strays,straying
873,stress,stressed,stressed,stresses,stressing
874,stretch,stretched,stretched,stretches,stretching
875,strew,strewed,strewn,strews,strewing
876,stride,strode,stridden,strides,striding
877,strike,struck,struck/stricken,strikes,striking
878,string,strung,strung,strings,stringing
879,strive,strove,striven,strives,striving
880,study,studied,studied,studies,studying
881,submit,submitted,submitted,submits,submitting
882,subscribe,subscribed,subscribed,subscribes,subscribing
883,subtract,subtracted,subtracted,subtracts,subtracting
884,succeed,succeeded,succeeded,succeeds,succeeding
885,suck,sucked,sucked,sucks,sucking
886,suffer,suffered,suffered,suffers,suffering
887,suggest,suggested,suggested,suggests,suggesting
888,summon,summoned,summoned,summons,summoning
889,supply,supplied,supplied,supplies,supplying
890,support,supported,supported,supports,supporting
891,suppose,supposed,supposed,supposes,supposing
892,surge,surged,surged,surges,surging
893,surmise,surmised,surmised,surmises,surmising
894,surpass,surpassed,surpassed,surpasses,surpassing
895,surround,surrounded,surrounded,surrounds,surrounding
896,survey,surveyed,surveyed,surveys,surveying
897,survive,survived,survived,survives,surviving
898,swallow,swallowed,swallowed,swallows,swallowing
899,sway,swayed,swayed,sways,swaying
900,swear,swore,sworn,swears,swearing
901,sweat,sweat,sweat,sweats,sweating
902,sweep,swept,swept,sweeps,sweeping
903,swell,swelled,swollen,swells,swelling
904,swim,swam,swum,swims,swimming
905,swing,swung,swung,swings,swinging
906,swot,swotted,swotted,swots,swotting
907,take,took,taken,takes,taking
908,talk,talked,talked,talks,talking
909,tap,tapped,tapped,taps,tapping
910,taste,tasted,tasted,tastes,tasting
911,tax,taxed,taxed,taxes,taxing
912,teach,taught,taught,teaches,teaching
913,tear,tore,torn,tears,tearing
914,tee,teed,teed,tees,teeing
915,tell,told,told,tells,telling
916,tempt,tempted,tempted,tempts,tempting
917,tend,tended,tended,tends,tending
918,terminate,terminated,terminated,terminates,terminating
919,terrify,terrified,terrified,terrifies,terrifying
920,test,tested,tested,tests,testing
921,thank,thanked,thanked,thanks,thanking
922,think,thought,thought,thinks,thinking
923,thrive,throve,thriven,thrives,thriving
924,throw,threw,thrown,throws,throwing
925,thrust,thrust,thrust,thrusts,thrusting
926,thump,thumped,thumped,thumps,thumping
927,tie,tied,tied,ties,tying
928,tire,tired,tired,tires,tiring
929,toss,tossed,tossed,tosses,tossing
930,touch,touched,touched,touches,touching
931,train,trained,trained,trains,training
932,trample,trampled,trampled,tramples,trampling
933,transfer,transferred,transferred,transfers,transferring
934,transform,transformed,transformed,transforms,transforming
935,translate,translated,translated,translates,translating
936,trap,trapped,trapped,traps,trapping
937,travel,travelled,travelled,travels,travelling
938,tread,trod,trodden,treads,treading
939,treasure,treasured,treasured,treasures,treasuring
940,treat,treated,treated,treats,treating
941,tree,treed,treed,trees,treeing
942,tremble,trembled,trembled,trembles,trembling
943,triumph,triumphed,triumphed,triumphs,triumphing
944,trust,trusted,trusted,trusts,trusting
945,try,tried,tried,tries,trying
946,turn,turned,turned,turns,turning
947,type,typed,typed,types,typing
948,typeset,typeset,typeset,typesets,typesetting
949,understand,understood,understood,understands,understanding
950,undo,undid,undone,undoes,undoing
951,uproot,uprooted,uprooted,uproots,uprooting
952,upset,upset,upset,upsets,upsetting
953,urge,urged,urged,urges,urging
954,use,used,used,uses,using
955,utter,uttered,uttered,utters,uttering
956,value,valued,valued,values,valuing
957,vanish,vanished,vanished,vanishes,vanishing
958,vary,varied,varied,varies,varying
959,verify,verified,verified,verifies,verifying
960,vex,vexed,vexed,vexes,vexing
961,vie,vied,vied,vies,vying
962,view,viewed,viewed,views,viewing
963,violate,violated,violated,violates,violating
964,vomit,vomited,vomited,vomits,vomiting
965,wake,woke,woken,wakes,waking
966,walk,walked,walked,walks,walking
967,wander,wandered,wandered,wanders,wandering
968,want,wanted,wanted,wants,wanting
969,warn,warned,warned,warns,warning
970,waste,wasted,wasted,wastes,wasting
971,watch,watched,watched,watches,watching
972,water,watered,watered,waters,watering
973,wave,waved,waved,waves,waving
974,wax,waxed,waxed,waxes,waxing
975,waylay,waylaid,waylaid,waylays,waylaying
976,wear,wore,worn,wears,wearing
977,weave,wove,woven,weaves,weaving
978,wed,wed,wed,weds,wedding
979,weep,wept,wept,weeps,weeping
980,weigh,weighed,weighed,weighs,weighing
981,welcome,welcomed,welcomed,welcomes,welcoming
982,wend,went,went,wends,wending
983,wet,wet,wet,wets,wetting
984,whip,whipped,whipped,whips,whipping
985,whisper,whispered,whispered,whispers,whispering
986,win,won,won,wins,winning
987,wind,wound,wound,winds,winding
988,wish,wished,wished,wishes,wishing
989,withdraw,withdrew,withdrawn,withdraws,withdrawing
990,work,worked,worked,works,working
991,worry,worried,worried,worries,worrying
992,worship,worshipped,worshipped,worships,worshipping
993,wring,wrung,wrung,wrings,wringing
994,write,wrote,written,writes,writing
995,yawn,yawned,yawned,yawns,yawning
996,yell,yelled,yelled,yells,yelling
997,yield,yielded,yielded,yields,yielding
998,zinc,zincked,zincked,zincs,zincking
999,zoom,zoomed,zoomed,zooms,zooming
